Stno;Chip;Database Id;Surname;First name;YB;S;Block;nc;Start;Finish;Time;Classifier;Club no.;Cl.name;City;Nat;Cl. no.;Short;Long;Num1;Num2;Num3;Text1;Text2;Text3;Adr. name;Street;Line2;Zip;City;Phone;Fax;EMail;Id/Club;Rented;Start fee;Paid;Course no.;Course;km;m;Course controls;Pl;Start punch;Finish punch;Control1;Punch1;Control2;Punch2;Control3;Punch3;Control4;Punch4;Control5;Punch5;Control6;Punch6;Control7;Punch7;Control8;Punch8;Control9;Punch9;Control10;Punch10;(may be more) ...
108;8667834;"23";"Štanfel";"Matjaž";;M;;0;25:00;57:55;32:55;0;1;"OK Azimut";"OK Azimut";"SLO";1;"A";"A";;;;"";"";"";"";"";"";"";"";"";"";"";;0;"0,0";0;1;"A";"3.77";"120";14;1;;57:55;111;01:57;113;03:55;114;06:44;115;08:38;116;12:22;118;17:01;117;18:12;119;20:32;120;22:04;121;23:38;122;24:46;123;27:33;124;30:08;125;32:11;
141;9101667;"37";"Blaž";"Matic";;M;;0;13:00;50:35;37:35;0;2;"OK Komenda";"Orientacijski klub Komenda";"SLO";1;"A";"A";;;;"";"";"";"";"";"";"";"";"";"";"";;0;"0,0";0;1;"A";"3.77";"120";14;2;;50:35;111;02:27;113;04:10;114;06:56;115;09:09;116;13:39;118;18:35;117;20:19;119;22:37;120;24:18;121;26:15;122;27:36;123;30:39;124;34:00;125;36:42;
139;7210496;"26";"Ravnikar";"Žan";;M;;0;20:00;57:41;37:41;0;2;"OK Komenda";"Orientacijski klub Komenda";"SLO";1;"A";"A";;;;"";"";"";"";"";"";"";"";"";"";"";;0;"0,0";0;1;"A";"3.77";"120";14;3;;57:41;111;03:08;113;06:19;114;09:29;115;11:45;116;15:51;118;19:28;117;20:59;119;23:09;120;24:22;121;26:10;122;27:22;123;30:54;124;33:52;125;36:49;
133;1398955;"83";"Hvala";"Gregor";;M;;0;29:00;72:51;43:51;0;1;"OK Azimut";"OK Azimut";"SLO";1;"A";"A";;;;"";"";"";"";"";"";"";"";"";"";"";;0;"0,0";0;1;"A";"3.77";"120";14;4;;72:51;111;02:50;113;05:56;114;09:13;115;11:37;116;16:28;118;21:32;117;23:25;119;26:03;120;27:50;121;30:25;122;31:53;123;35:31;124;40:01;125;42:57;
103;442828;"67";"Bačnar";"Janko";;M;;0;24:00;76:30;52:30;0;1;"OK Azimut";"OK Azimut";"SLO";1;"A";"A";;;;"";"";"";"";"";"";"";"";"";"";"";;0;"0,0";0;1;"A";"3.77";"120";14;5;;76:30;111;02:50;113;05:13;114;09:15;115;13:12;116;20:54;118;26:41;117;28:40;119;32:08;120;34:08;121;36:47;122;38:35;123;42:48;124;47:55;125;51:27;
137;2069807;"25";"Kavčič";"Domen";;M;;0;02:00;54:47;52:47;0;2;"OK Komenda";"Orientacijski klub Komenda";"SLO";1;"A";"A";;;;"";"";"";"";"";"";"";"";"";"";"";;0;"0,0";0;1;"A";"3.77";"120";14;6;;54:47;111;08:18;113;13:39;114;17:30;115;19:59;116;25:25;118;29:39;117;31:14;119;33:43;120;35:31;121;37:46;122;39:15;123;44:57;124;49:30;125;52:02;
162;2034098;"51";"Čufer";"Stanko";;M;;0;21:00;76:27;55:27;0;5;"PD Ajdovščina";"Planinsko Društvo Ajdovščina";"SLO";1;"A";"A";;;;"";"";"";"";"";"";"";"";"";"";"";;0;"0,0";0;1;"A";"3.77";"120";14;7;;76:27;111;03:38;113;06:05;114;10:50;115;16:28;116;22:36;118;28:20;117;31:31;119;34:09;120;35:53;121;38:52;122;40:17;123;45:50;124;51:15;125;54:25;
181;2077853;"28";"Jevševar";"Martin";;M;;0;34:00;90:50;56:50;0;7;"OK Brežice";"OK Brežice";"SLO";1;"A";"A";;;;"";"";"";"";"";"";"";"";"";"";"";;0;"0,0";0;1;"A";"3.77";"120";14;8;;90:50;111;03:25;113;05:58;114;11:13;115;16:09;116;21:22;118;27:01;117;30:23;119;35:23;120;38:12;121;40:35;122;41:50;123;45:35;124;49:57;125;55:52;
107;1000555;"53";"Eržen";"Valentin";;M;;0;18:00;75:00;57:00;0;1;"OK Azimut";"OK Azimut";"SLO";1;"A";"A";;;;"";"";"";"";"";"";"";"";"";"";"";;0;"0,0";0;1;"A";"3.77";"120";14;9;;75:00;111;04:40;113;08:46;114;13:22;115;16:40;116;23:01;118;30:20;117;32:19;119;36:11;120;38:19;121;40:59;122;42:51;123;47:37;124;51:43;125;55:50;
180;2077852;"29";"Jevševar";"Bojan";;M;;0;16:00;73:21;57:21;0;7;"OK Brežice";"OK Brežice";"SLO";1;"A";"A";;;;"";"";"";"";"";"";"";"";"";"";"";;0;"0,0";0;1;"A";"3.77";"120";14;10;;73:21;111;05:54;113;10:30;114;15:28;115;19:18;116;25:59;118;32:39;117;34:35;119;38:35;120;40:46;121;43:43;122;45:10;123;49:24;124;53:22;125;56:08;
143;2103909;"14";"Kremžar";"Tomaž";;M;;0;32:00;90:47;58:47;0;2;"OK Komenda";"Orientacijski klub Komenda";"SLO";1;"A";"A";;;;"";"";"";"";"";"";"";"";"";"";"";;0;"0,0";0;1;"A";"3.77";"120";14;11;;90:47;111;08:23;113;11:42;114;15:05;115;18:08;116;23:20;118;28:45;117;32:13;119;38:17;120;40:22;121;43:02;122;45:44;123;50:16;124;54:14;125;57:50;
138;1425115;"36";"Kavčič";"Jure";;M;;0;23:00;83:13;60:13;0;2;"OK Komenda";"Orientacijski klub Komenda";"SLO";1;"A";"A";;;;"";"";"";"";"";"";"";"";"";"";"";;0;"0,0";0;1;"A";"3.77";"120";14;12;;83:13;111;03:56;113;06:37;114;10:32;115;14:13;116;20:33;118;27:25;117;29:45;119;32:44;120;35:33;121;42:14;122;46:52;123;51:26;124;55:16;125;58:47;
142;1425104;"22";"Pogačar";"Ana Pia";;M;;0;27:00;87:27;60:27;0;2;"OK Komenda";"Orientacijski klub Komenda";"SLO";1;"A";"A";;;;"";"";"";"";"";"";"";"";"";"";"";;0;"0,0";0;1;"A";"3.77";"120";14;13;;87:27;111;04:46;113;08:15;114;13:11;115;16:49;116;24:04;118;30:49;117;33:24;119;37:52;120;40:17;121;43:42;122;45:28;123;50:03;124;54:58;125;59:20;
174;2073100;"2";"Kunc";"Robert";;M;;0;11:00;71:47;60:47;0;6;"OK Tivoli";"OK Tivoli";"SLO";1;"A";"A";;;;"";"";"";"";"";"";"";"";"";"";"";;0;"0,0";0;1;"A";"3.77";"120";14;14;;71:47;111;04:11;113;06:24;114;10:09;115;15:13;116;23:12;118;29:55;117;32:01;119;35:50;120;38:03;121;41:53;122;43:42;123;49:08;124;55:57;125;59:36;
132;2142780;"78";"Kenda";"Klemen";;M;;0;08:00;68:56;60:56;0;1;"OK Azimut";"OK Azimut";"SLO";1;"A";"A";;;;"";"";"";"";"";"";"";"";"";"";"";;0;"0,0";0;1;"A";"3.77";"120";14;15;;68:56;111;04:07;113;07:14;114;11:46;115;15:49;116;22:14;118;29:10;117;31:26;119;35:14;120;37:45;121;40:54;122;42:57;123;48:02;124;55:50;125;59:45;
140;9011122;"21";"Zavrl";"Zala";;M;;0;15:00;76:35;61:35;0;2;"OK Komenda";"Orientacijski klub Komenda";"SLO";1;"A";"A";;;;"";"";"";"";"";"";"";"";"";"";"";;0;"0,0";0;1;"A";"3.77";"120";14;16;;76:35;111;06:35;113;08:53;114;13:14;115;16:43;116;23:15;118;32:40;117;34:57;119;38:45;120;41:30;121;44:50;122;46:36;123;51:31;124;57:07;125;60:31;
104;2077613;"72";"Gantar";"Lara";;M;;0;17:00;79:31;62:31;0;1;"OK Azimut";"OK Azimut";"SLO";1;"A";"A";;;;"";"";"";"";"";"";"";"";"";"";"";;0;"0,0";0;1;"A";"3.77";"120";14;17;;79:31;111;06:37;113;09:57;114;14:30;115;18:11;116;24:39;118;31:10;117;33:03;119;36:47;120;40:04;121;43:12;122;45:15;123;50:02;124;56:25;125;60:54;
156;2107053;"82";"Poženel";"Natan Maj";;M;;0;05:00;67:44;62:44;0;2;"OK Komenda";"Orientacijski klub Komenda";"SLO";1;"A";"A";;;;"";"";"";"";"";"";"";"";"";"";"";;0;"0,0";0;1;"A";"3.77";"120";14;18;;67:44;111;05:20;113;10:40;114;14:37;115;16:52;116;25:41;118;31:00;117;33:44;119;42:00;120;43:54;121;47:38;122;49:24;123;54:57;124;58:55;125;61:57;
176;2050437;"4";"Kunc";"Matevž";;M;;0;06:00;71:34;65:34;0;6;"OK Tivoli";"OK Tivoli";"SLO";1;"A";"A";;;;"";"";"";"";"";"";"";"";"";"";"";;0;"0,0";0;1;"A";"3.77";"120";14;19;;71:34;111;05:45;113;12:56;114;17:07;115;20:37;116;27:54;118;33:52;117;37:18;119;41:05;120;43:09;121;46:59;122;48:56;123;54:40;124;60:21;125;64:27;
;2045689;"102";"Larotella";"Roberto";;M;;0;19:00;90:54;71:54;0;8;"ORIENTEERING TRIESTE";"ORIENTEERING TRIESTE A.S.D.";"ITA";1;"A";"A";;;;"";"";"";"";"";"";"";"";"";"";"";;0;"0,0";0;1;"A";"3.77";"120";14;20;;90:54;111;08:30;113;13:33;114;19:29;115;22:44;116;29:50;118;36:49;117;39:12;119;44:28;120;48:23;121;53:23;122;55:33;123;60:53;124;67:05;125;70:49;
157;2088287;"77";"Pust";"Tomaž";;M;;0;14:00;88:16;74:16;0;2;"OK Komenda";"Orientacijski klub Komenda";"SLO";1;"A";"A";;;;"";"";"";"";"";"";"";"";"";"";"";;0;"0,0";0;1;"A";"3.77";"120";14;21;;88:16;111;07:41;113;10:04;114;15:40;115;19:12;116;31:16;118;37:21;117;40:06;119;49:13;120;52:28;121;55:56;122;57:53;123;63:53;124;68:36;125;73:00;
106;2107057;"39";"Obid";"Marko";;M;;0;22:00;98:20;76:20;0;1;"OK Azimut";"OK Azimut";"SLO";1;"A";"A";;;;"";"";"";"";"";"";"";"";"";"";"";;0;"0,0";0;1;"A";"3.77";"120";14;22;;98:20;111;05:07;113;09:47;114;16:32;115;19:58;116;31:26;118;39:22;117;42:41;119;48:28;120;52:06;121;56:01;122;57:50;123;64:08;124;70:07;125;74:52;
105;2107075;"63";"Gantar";"Kristjan";;M;;0;31:00;109:08;78:08;0;1;"OK Azimut";"OK Azimut";"SLO";1;"A";"A";;;;"";"";"";"";"";"";"";"";"";"";"";;0;"0,0";0;1;"A";"3.77";"120";14;23;;109:08;111;06:20;113;12:47;114;18:34;115;21:22;116;30:13;118;37:38;117;39:42;119;44:50;120;54:20;121;57:53;122;60:00;123;66:00;124;70:15;125;77:09;
182;2077785;"31";"Hribar";"Anica";;M;;0;07:00;90:09;83:09;0;7;"OK Brežice";"OK Brežice";"SLO";1;"A";"A";;;;"";"";"";"";"";"";"";"";"";"";"";;0;"0,0";0;1;"A";"3.77";"120";14;24;;90:09;111;06:00;113;09:20;114;15:56;115;21:32;116;38:11;118;46:03;117;49:30;119;53:52;120;57:12;121;61:39;122;64:19;123;69:58;124;75:25;125;81:24;
173;2114460;"34";"Pobega";"Davor";;M;;0;09:00;116:51;107:51;0;6;"OK Tivoli";"OK Tivoli";"SLO";1;"A";"A";;;;"";"";"";"";"";"";"";"";"";"";"";;0;"0,0";0;1;"A";"3.77";"120";14;25;;116:51;111;10:23;113;19:30;114;27:18;115;31:01;116;44:02;118;54:17;117;58:15;119;68:44;120;74:57;121;80:03;122;83:07;123;91:44;124;99:08;125;105:29;
;;"86";"";"Vacant";;M;;0;26:00;;;0;;"";"";"";1;"A";"A";;;;"";"";"";"";"";"";"";"";"";"";"";;0;"0,0";0;1;"A";"3.77";"120";14;;;;;;;;;;;;;;;;;;;;;;;;;;;;;;;;
131;2077602;"85";"Razpet";"Deja";;M;;0;28:00;;;1;1;"OK Azimut";"OK Azimut";"SLO";1;"A";"A";;;;"";"";"";"";"";"";"";"";"";"";"";;0;"0,0";0;1;"A";"3.77";"120";14;;;;;;;;;;;;;;;;;;;;;;;;;;;;;;;;
175;7204990;"5";"Kunc";"Gregor";;M;;0;33:00;;;1;6;"OK Tivoli";"OK Tivoli";"SLO";1;"A";"A";;;;"";"";"";"";"";"";"";"";"";"";"";;0;"0,0";0;1;"A";"3.77";"120";14;;;;;;;;;;;;;;;;;;;;;;;;;;;;;;;;
;;"88";"";"Vacant";;M;;0;12:00;;;0;;"";"";"";1;"A";"A";;;;"";"";"";"";"";"";"";"";"";"";"";;0;"0,0";0;1;"A";"3.77";"120";14;;;;;;;;;;;;;;;;;;;;;;;;;;;;;;;;
;;"89";"";"Vacant";;M;;0;30:00;;;0;;"";"";"";1;"A";"A";;;;"";"";"";"";"";"";"";"";"";"";"";;0;"0,0";0;1;"A";"3.77";"120";14;;;;;;;;;;;;;;;;;;;;;;;;;;;;;;;;
;;"90";"";"Vacant";;M;;0;19:00;;;0;;"";"";"";1;"A";"A";;;;"";"";"";"";"";"";"";"";"";"";"";;0;"0,0";0;1;"A";"3.77";"120";14;;;;;;;;;;;;;;;;;;;;;;;;;;;;;;;;
;2034084;"104";"Kete";"Ivo";;M;;0;42:18;;;2;5;"PD Ajdovščina";"Planinsko Društvo Ajdovščina";"SLO";1;"A";"A";;;;"";"";"";"";"";"";"";"";"";"";"";;0;"0,0";0;1;"A";"3.77";"120";14;;;;;;113;35:43;114;43:49;115;49:31;116;58:34;;;;;119;79:54;120;86:40;;;;;;;124;90:11;125;99:16;
161;2103427;"61";"Rivetta";"Andrea";;M;;0;03:00;;;0;4;"Semiperdo";"Semiperdo Orienteering Maniago";"ITA";1;"A";"A";;;;"";"";"";"";"";"";"";"";"";"";"";;0;"0,0";0;1;"A";"3.77";"120";14;;;;;;;;;;;;;;;;;;;;;;;;;;;;;;;;
159;442575;"7";"Sladič";"Roman";;M;;0;10:00;;;1;3;"ŠOK";"Škofjeloški orientacijski klub";"SLO";1;"A";"A";;;;"";"";"";"";"";"";"";"";"";"";"";;0;"0,0";0;1;"A";"3.77";"120";14;;;;;;;;;;;;;;;;;;;;;;;;;;;;;;;;
;2069843;"103";"Tušar";"Teja";;M;;0;45:02;101:42;56:40;4;1;"OK Azimut";"OK Azimut";"SLO";1;"A";"A";;;;"";"";"";"";"";"";"";"";"";"";"";;0;"0,0";0;1;"A";"3.77";"120";14;;;101:42;111;03:31;113;05:42;114;10:39;115;13:30;116;19:21;118;25:47;117;29:34;119;32:47;120;34:58;121;38:21;122;40:20;123;45:16;124;51:07;125;55:29;
;;"87";"";"Vacant";;M;;0;04:00;;;0;;"";"";"";1;"A";"A";;;;"";"";"";"";"";"";"";"";"";"";"";;0;"0,0";0;1;"A";"3.77";"120";14;;;;;;;;;;;;;;;;;;;;;;;;;;;;;;;;
126;435615;"10";"Čelik";"Aljaž";;M;;0;41:00;69:58;28:58;0;1;"OK Azimut";"OK Azimut";"SLO";2;"B";"B";;;;"";"";"";"";"";"";"";"";"";"";"";;0;"0,0";0;2;"B";"2.76";"80";11;1;;69:58;115;01:21;127;05:04;129;06:36;133;07:21;124;09:46;121;12:27;122;13:52;123;18:29;119;22:04;126;26:26;125;27:59;
150;1425107;"42";"Turk";"Nejc";;M;;0;37:00;69:54;32:54;0;2;"OK Komenda";"Orientacijski klub Komenda";"SLO";2;"B";"B";;;;"";"";"";"";"";"";"";"";"";"";"";;0;"0,0";0;2;"B";"2.76";"80";11;2;;69:54;115;01:58;127;06:07;129;07:45;133;08:45;124;11:41;121;14:16;122;16:10;123;19:40;119;25:56;126;30:34;125;32:01;
124;2052183;"55";"Eržen";"Nea";;M;;0;22:00;59:32;37:32;0;1;"OK Azimut";"OK Azimut";"SLO";2;"B";"B";;;;"";"";"";"";"";"";"";"";"";"";"";;0;"0,0";0;2;"B";"2.76";"80";11;3;;59:32;115;01:36;127;06:29;129;08:05;133;09:15;124;13:33;121;17:21;122;19:00;123;23:42;119;27:40;126;34:53;125;36:32;
166;1398947;"46";"Montes";"Manuel Alberto";;M;;0;15:00;54:48;39:48;0;5;"PD Ajdovščina";"Planinsko Društvo Ajdovščina";"SLO";2;"B";"B";;;;"";"";"";"";"";"";"";"";"";"";"";;0;"0,0";0;2;"B";"2.76";"80";11;4;;54:48;115;01:40;127;07:01;129;08:58;133;10:04;124;15:47;121;19:17;122;21:49;123;27:27;119;31:20;126;36:47;125;38:44;
122;2045683;"70";"Bogataj";"Boštjan";;M;;0;38:00;81:19;43:19;0;1;"OK Azimut";"OK Azimut";"SLO";2;"B";"B";;;;"";"";"";"";"";"";"";"";"";"";"";;0;"0,0";0;2;"B";"2.76";"80";11;5;;81:19;115;01:37;127;07:56;129;09:47;133;10:56;124;15:46;121;20:19;122;23:04;123;28:06;119;31:31;126;38:33;125;41:47;
158;2069847;"81";"Pust";"Karin";;M;;0;05:00;49:02;44:02;0;2;"OK Komenda";"Orientacijski klub Komenda";"SLO";2;"B";"B";;;;"";"";"";"";"";"";"";"";"";"";"";;0;"0,0";0;2;"B";"2.76";"80";11;6;;49:02;115;01:36;127;07:02;129;08:48;133;09:56;124;13:28;121;17:12;122;19:34;123;26:09;119;30:38;126;40:23;125;42:35;
125;435638;"58";"Čibej";"Barbara";;M;;0;34:00;78:16;44:16;0;1;"OK Azimut";"OK Azimut";"SLO";2;"B";"B";;;;"";"";"";"";"";"";"";"";"";"";"";;0;"0,0";0;2;"B";"2.76";"80";11;7;;78:16;115;00:49;127;06:56;129;08:42;133;09:53;124;13:18;121;18:43;122;20:54;123;26:47;119;29:48;126;39:46;125;43:08;
135;2114447;"84";"Serženta Seljak";"Zala";;M;;0;17:00;61:31;44:31;0;1;"OK Azimut";"OK Azimut";"SLO";2;"B";"B";;;;"";"";"";"";"";"";"";"";"";"";"";;0;"0,0";0;2;"B";"2.76";"80";11;8;;61:31;115;03:59;127;11:16;129;13:07;133;16:34;124;19:38;121;23:52;122;26:19;123;31:07;119;34:43;126;41:05;125;43:13;
115;2107069;"41";"Obid";"Aljaž";;M;;0;45:00;90:04;45:04;0;1;"OK Azimut";"OK Azimut";"SLO";2;"B";"B";;;;"";"";"";"";"";"";"";"";"";"";"";;0;"0,0";0;2;"B";"2.76";"80";11;9;;90:04;115;01:54;127;07:30;129;10:02;133;11:12;124;14:46;121;20:19;122;22:54;123;29:11;119;33:02;126;40:54;125;43:36;
100;435638;"6";"Talvioja";"Hanna";;M;;0;33:00;78:16;45:16;0;;"";"";"";2;"B";"B";;;;"";"";"";"";"";"";"";"";"";"";"";;0;"0,0";0;2;"B";"2.76";"80";11;10;;78:16;115;01:49;127;07:56;129;09:42;133;10:53;124;14:18;121;19:43;122;21:54;123;27:47;119;30:48;126;40:46;125;44:08;
160;435654;"76";"Cankar";"Uroš";;M;;0;29:00;74:58;45:58;0;3;"ŠOK";"Škofjeloški orientacijski klub";"SLO";2;"B";"B";;;;"";"";"";"";"";"";"";"";"";"";"";;0;"0,0";0;2;"B";"2.76";"80";11;11;;74:58;115;01:50;127;08:24;129;10:39;133;16:50;124;19:46;121;23:29;122;25:22;123;30:52;119;34:16;126;41:26;125;44:49;
110;2107071;"62";"Gantar";"Primož";;M;;0;16:00;62:09;46:09;0;1;"OK Azimut";"OK Azimut";"SLO";2;"B";"B";;;;"";"";"";"";"";"";"";"";"";"";"";;0;"0,0";0;2;"B";"2.76";"80";11;12;;62:09;115;01:43;127;08:26;129;10:18;133;12:33;124;19:48;121;23:25;122;26:12;123;31:57;119;35:37;126;42:34;125;44:49;
151;2113841;"8";"Šuc";"Timotej";;M;;0;01:00;48:36;47:36;0;2;"OK Komenda";"Orientacijski klub Komenda";"SLO";2;"B";"B";;;;"";"";"";"";"";"";"";"";"";"";"";;0;"0,0";0;2;"B";"2.76";"80";11;13;;48:36;115;01:57;127;07:21;129;09:05;133;10:25;124;16:04;121;20:02;122;22:17;123;27:18;119;33:37;126;44:20;125;46:20;
144;2069808;"24";"Babič";"Silvo";;M;;0;03:00;51:07;48:07;0;2;"OK Komenda";"Orientacijski klub Komenda";"SLO";2;"B";"B";;;;"";"";"";"";"";"";"";"";"";"";"";;0;"0,0";0;2;"B";"2.76";"80";11;14;;51:07;115;01:59;127;06:15;129;07:58;133;08:54;124;13:30;121;18:22;122;20:03;123;25:50;119;31:25;126;44:57;125;46:52;
146;1425118;"73";"Paradiž";"Petra";;M;;0;13:00;63:48;50:48;0;2;"OK Komenda";"Orientacijski klub Komenda";"SLO";2;"B";"B";;;;"";"";"";"";"";"";"";"";"";"";"";;0;"0,0";0;2;"B";"2.76";"80";11;15;;63:48;115;02:03;127;07:19;129;09:27;133;10:57;124;15:11;121;19:48;122;22:57;123;32:38;119;35:41;126;46:17;125;49:02;
120;2045663;"68";"Bogataj";"Rok";;M;;0;08:00;59:28;51:28;0;1;"OK Azimut";"OK Azimut";"SLO";2;"B";"B";;;;"";"";"";"";"";"";"";"";"";"";"";;0;"0,0";0;2;"B";"2.76";"80";11;16;;59:28;115;01:39;127;09:40;129;11:49;133;14:18;124;27:51;121;31:18;122;33:04;123;37:34;119;41:57;126;48:46;125;50:34;
119;2069845;"13";"Vidič";"Matej";;M;;0;44:00;96:25;52:25;0;1;"OK Azimut";"OK Azimut";"SLO";2;"B";"B";;;;"";"";"";"";"";"";"";"";"";"";"";;0;"0,0";0;2;"B";"2.76";"80";11;17;;96:25;115;02:12;127;11:11;129;13:45;133;15:00;124;20:19;121;26:02;122;28:33;123;34:19;119;40:24;126;48:15;125;50:43;
114;2107054;"38";"Obid";"Neža";;M;;0;43:00;95:48;52:48;0;1;"OK Azimut";"OK Azimut";"SLO";2;"B";"B";;;;"";"";"";"";"";"";"";"";"";"";"";;0;"0,0";0;2;"B";"2.76";"80";11;18;;95:48;115;01:33;127;06:26;129;08:53;133;10:36;124;18:31;121;27:09;122;29:03;123;34:08;119;42:26;126;48:22;125;51:50;
167;253334;"17";"Novak";"Jakob";;M;;0;31:00;85:54;54:54;0;5;"PD Ajdovščina";"Planinsko Društvo Ajdovščina";"SLO";2;"B";"B";;;;"";"";"";"";"";"";"";"";"";"";"";;0;"0,0";0;2;"B";"2.76";"80";11;19;;85:54;115;01:35;127;09:08;129;11:15;133;18:04;124;19:58;121;27:13;122;32:37;123;41:24;119;44:10;126;51:41;125;53:40;
116;202151;"35";"Nelson";"Charles";;M;;0;10:00;65:18;55:18;0;1;"OK Azimut";"OK Azimut";"SLO";2;"B";"B";;;;"";"";"";"";"";"";"";"";"";"";"";;0;"0,0";0;2;"B";"2.76";"80";11;20;;65:18;115;02:22;127;10:10;129;12:23;133;14:18;124;27:18;121;31:16;122;33:31;123;39:33;119;43:02;126;51:01;125;53:33;
184;2141187;"19";"van Buuren";"Nadia";;M;;0;26:00;84:59;58:59;0;8;"ORIENTEERING TRIESTE";"ORIENTEERING TRIESTE A.S.D.";"ITA";2;"B";"B";;;;"";"";"";"";"";"";"";"";"";"";"";;0;"0,0";0;2;"B";"2.76";"80";11;21;;84:59;115;02:26;127;08:34;129;10:44;133;12:43;124;20:31;121;24:32;122;27:59;123;35:09;119;41:09;126;55:09;125;57:37;
165;2056372;"49";"Lozar";"Zala";;M;;0;27:00;86:30;59:30;0;5;"PD Ajdovščina";"Planinsko Društvo Ajdovščina";"SLO";2;"B";"B";;;;"";"";"";"";"";"";"";"";"";"";"";;0;"0,0";0;2;"B";"2.76";"80";11;22;;86:30;115;02:23;127;09:19;129;12:27;133;15:10;124;20:28;121;26:08;122;30:30;123;39:41;119;44:59;126;55:25;125;57:57;
111;406850;"60";"Lapajne";"Janko";;M;;0;04:00;63:39;59:39;0;1;"OK Azimut";"OK Azimut";"SLO";2;"B";"B";;;;"";"";"";"";"";"";"";"";"";"";"";;0;"0,0";0;2;"B";"2.76";"80";11;23;;63:39;115;02:31;127;09:30;129;12:17;133;14:29;124;18:40;121;26:33;122;29:11;123;41:46;119;45:54;126;54:53;125;57:49;
109;2107072;"64";"Gantar";"Damjana";;M;;0;36:00;95:45;59:45;0;1;"OK Azimut";"OK Azimut";"SLO";2;"B";"B";;;;"";"";"";"";"";"";"";"";"";"";"";;0;"0,0";0;2;"B";"2.76";"80";11;24;;95:45;115;02:37;127;08:20;129;10:22;133;16:16;124;23:55;121;29:34;122;34:30;123;41:58;119;47:44;126;54:55;125;58:15;
163;445670;"47";"Mamič";"Hana";;M;;0;19:00;78:59;59:59;0;5;"PD Ajdovščina";"Planinsko Društvo Ajdovščina";"SLO";2;"B";"B";;;;"";"";"";"";"";"";"";"";"";"";"";;0;"0,0";0;2;"B";"2.76";"80";11;25;;78:59;115;02:13;127;09:02;129;11:20;133;13:42;124;18:04;121;25:23;122;28:18;123;41:33;119;45:07;126;54:58;125;58:04;
168;438031;"50";"Krkoč";"Janoš";;M;;0;24:00;85:10;61:10;0;5;"PD Ajdovščina";"Planinsko Društvo Ajdovščina";"SLO";2;"B";"B";;;;"";"";"";"";"";"";"";"";"";"";"";;0;"0,0";0;2;"B";"2.76";"80";11;26;;85:10;115;02:15;127;06:54;129;09:23;133;10:36;124;13:46;121;37:02;122;38:47;123;48:19;119;51:02;126;57:43;125;59:44;
121;2088810;"69";"Bogataj";"Nataša";;M;;0;25:00;86:38;61:38;0;1;"OK Azimut";"OK Azimut";"SLO";2;"B";"B";;;;"";"";"";"";"";"";"";"";"";"";"";;0;"0,0";0;2;"B";"2.76";"80";11;27;;86:38;115;02:28;127;09:38;129;12:21;133;13:59;124;21:45;121;27:48;122;31:17;123;41:28;119;47:11;126;56:52;125;59:45;
148;2113831;"56";"Prosen";"Maja";;M;;0;00:00;63:56;63:56;0;2;"OK Komenda";"Orientacijski klub Komenda";"SLO";2;"B";"B";;;;"";"";"";"";"";"";"";"";"";"";"";;0;"0,0";0;2;"B";"2.76";"80";11;28;;63:56;115;04:13;127;12:43;129;15:21;133;17:08;124;29:41;121;34:28;122;36:57;123;45:51;119;48:54;126;59:23;125;62:10;
134;1398546;"80";"Sedej";"Vlado";;M;;0;40:00;105:51;65:51;0;1;"OK Azimut";"OK Azimut";"SLO";2;"B";"B";;;;"";"";"";"";"";"";"";"";"";"";"";;0;"0,0";0;2;"B";"2.76";"80";11;29;;105:51;115;10:49;127;17:25;129;19:47;133;21:26;124;29:37;121;37:55;122;40:55;123;48:12;119;52:31;126;61:19;125;64:02;
117;2133344;"27";"Bizjak";"Božo";;M;;0;28:00;95:59;67:59;0;1;"OK Azimut";"OK Azimut";"SLO";2;"B";"B";;;;"";"";"";"";"";"";"";"";"";"";"";;0;"0,0";0;2;"B";"2.76";"80";11;30;;95:59;115;02:14;127;17:17;129;19:41;133;20:53;124;26:21;121;31:10;122;33:58;123;44:33;119;49:53;126;59:27;125;66:52;
177;2114455;"33";"Ugrin";"Nikolina";;M;;0;18:00;86:26;68:26;0;6;"OK Tivoli";"OK Tivoli";"SLO";2;"B";"B";;;;"";"";"";"";"";"";"";"";"";"";"";;0;"0,0";0;2;"B";"2.76";"80";11;31;;86:26;115;03:35;127;10:32;129;13:40;133;17:00;124;30:39;121;36:13;122;39:59;123;48:36;119;54:01;126;64:19;125;66:51;
112;406734;"20";"Razpet";"Tajda";;M;;0;02:00;70:58;68:58;0;1;"OK Azimut";"OK Azimut";"SLO";2;"B";"B";;;;"";"";"";"";"";"";"";"";"";"";"";;0;"0,0";0;2;"B";"2.76";"80";11;32;;70:58;115;01:51;127;19:49;129;22:43;133;24:14;124;27:37;121;32:15;122;34:53;123;42:14;119;46:13;126;62:16;125;67:35;
147;2103910;"15";"Kremžar";"Lucija";;M;;0;14:00;84:56;70:56;0;2;"OK Komenda";"Orientacijski klub Komenda";"SLO";2;"B";"B";;;;"";"";"";"";"";"";"";"";"";"";"";;0;"0,0";0;2;"B";"2.76";"80";11;33;;84:56;115;01:58;127;10:04;129;12:33;133;14:32;124;22:06;121;32:16;122;34:56;123;42:00;119;49:23;126;62:04;125;68:13;
136;1422770;"79";"Močnik";"Nika";;M;;0;21:00;92:50;71:50;0;1;"OK Azimut";"OK Azimut";"SLO";2;"B";"B";;;;"";"";"";"";"";"";"";"";"";"";"";;0;"0,0";0;2;"B";"2.76";"80";11;34;;92:50;115;02:10;127;07:40;129;10:19;133;13:41;124;17:03;121;41:34;122;44:19;123;51:10;119;55:01;126;66:15;125;70:04;
149;2069834;"59";"Stojan";"Petra";;M;;0;09:00;85:20;76:20;0;2;"OK Komenda";"Orientacijski klub Komenda";"SLO";2;"B";"B";;;;"";"";"";"";"";"";"";"";"";"";"";;0;"0,0";0;2;"B";"2.76";"80";11;35;;85:20;115;02:53;127;13:20;129;20:28;133;32:27;124;39:19;121;44:50;122;47:51;123;56:13;119;60:39;126;72:14;125;74:54;
130;2127789;"52";"Istenič";"Maja";;M;;0;19:00;95:56;76:56;0;1;"OK Azimut";"OK Azimut";"SLO";2;"B";"B";;;;"";"";"";"";"";"";"";"";"";"";"";;0;"0,0";0;2;"B";"2.76";"80";11;36;;95:56;115;03:27;127;09:50;129;12:31;133;19:12;124;23:20;121;35:03;122;37:56;123;55:22;119;60:36;126;68:59;125;74:58;
183;406722;"30";"Hribar";"Timotej";;M;;0;07:00;85:08;78:08;0;7;"OK Brežice";"OK Brežice";"SLO";2;"B";"B";;;;"";"";"";"";"";"";"";"";"";"";"";;0;"0,0";0;2;"B";"2.76";"80";11;37;;85:08;115;02:12;127;24:19;129;27:09;133;29:04;124;33:06;121;39:01;122;41:26;123;53:26;119;65:18;126;73:18;125;75:35;
123;442805;"11";"Močnik";"Jana";;M;;0;32:00;111:45;79:45;0;1;"OK Azimut";"OK Azimut";"SLO";2;"B";"B";;;;"";"";"";"";"";"";"";"";"";"";"";;0;"0,0";0;2;"B";"2.76";"80";11;38;;111:45;115;02:22;127;08:46;129;10:39;133;12:12;124;33:25;121;39:04;122;42:26;123;49:37;119;54:58;126;70:06;125;77:59;
164;2056379;"43";"Kočevar";"Miha";;M;;X;11:00;;;1;5;"PD Ajdovščina";"Planinsko Društvo Ajdovščina";"SLO";2;"B";"B";;;;"";"";"";"";"";"";"";"";"";"";"";;0;"0,0";0;2;"B";"2.76";"80";11;;;;;;;;;;;;;;;;;;;;;;;;;;
;;"93";"";"Vacant";;M;;0;06:00;;;0;;"";"";"";2;"B";"B";;;;"";"";"";"";"";"";"";"";"";"";"";;0;"0,0";0;2;"B";"2.76";"80";11;;;;;;;;;;;;;;;;;;;;;;;;;;
;;"91";"";"Vacant";;M;;0;35:00;;;0;;"";"";"";2;"B";"B";;;;"";"";"";"";"";"";"";"";"";"";"";;0;"0,0";0;2;"B";"2.76";"80";11;;;;;;;;;;;;;;;;;;;;;;;;;;
;;"92";"";"Vacant";;M;;0;20:00;;;0;;"";"";"";2;"B";"B";;;;"";"";"";"";"";"";"";"";"";"";"";;0;"0,0";0;2;"B";"2.76";"80";11;;;;;;;;;;;;;;;;;;;;;;;;;;
113;2127797;"40";"Obid";"Maja";;M;;0;23:00;;;1;1;"OK Azimut";"OK Azimut";"SLO";2;"B";"B";;;;"";"";"";"";"";"";"";"";"";"";"";;0;"0,0";0;2;"B";"2.76";"80";11;;;;;;;;;;;;;;;;;;;;;;;;;;
;;"94";"";"Vacant";;M;;0;13:00;;;0;;"";"";"";2;"B";"B";;;;"";"";"";"";"";"";"";"";"";"";"";;0;"0,0";0;2;"B";"2.76";"80";11;;;;;;;;;;;;;;;;;;;;;;;;;;
145;2113835;"57";"Pahor";"Marko";;M;;0;30:00;71:23;41:23;3;2;"OK Komenda";"Orientacijski klub Komenda";"SLO";2;"B";"B";;;;"";"";"";"";"";"";"";"";"";"";"";;0;"0,0";0;2;"B";"2.76";"80";11;;;71:23;115;05:43;;;;;;;;;;;;;;;;;;;125;38:48;
118;;"71";"Pivk";"Karmen";;M;;0;12:00;;;0;1;"OK Azimut";"OK Azimut";"SLO";2;"B";"B";;;;"";"";"";"";"";"";"";"";"";"";"";;0;"0,0";0;2;"B";"2.76";"80";11;;;;;;;;;;;;;;;;;;;;;;;;;;
;;"95";"";"Vacant";;M;;0;42:00;;;0;;"";"";"";2;"B";"B";;;;"";"";"";"";"";"";"";"";"";"";"";;0;"0,0";0;2;"B";"2.76";"80";11;;;;;;;;;;;;;;;;;;;;;;;;;;
154;2069815;"75";"Kurinčič";"Jakob";;M;;0;03:00;24:41;21:41;0;2;"OK Komenda";"Orientacijski klub Komenda";"SLO";3;"C";"C";;;;"";"";"";"";"";"";"";"";"";"";"";;0;"0,0";0;3;"C";"1.61";"40";7;1;;24:41;128;02:36;129;05:11;130;11:00;131;14:39;112;16:35;134;17:30;132;18:59;
171;349763;"44";"Samec";"Saraja";;M;;0;25:00;50:50;25:50;0;5;"PD Ajdovščina";"Planinsko Društvo Ajdovščina";"SLO";3;"C";"C";;;;"";"";"";"";"";"";"";"";"";"";"";;0;"0,0";0;3;"C";"1.61";"40";7;2;;50:50;128;04:59;129;10:45;130;14:05;131;17:18;112;20:03;134;20:56;132;22:20;
178;2073099;"3";"Kunc";"Mojca";;M;;0;23:00;50:34;27:34;0;6;"OK Tivoli";"OK Tivoli";"SLO";3;"C";"C";;;;"";"";"";"";"";"";"";"";"";"";"";;0;"0,0";0;3;"C";"1.61";"40";7;3;;50:34;128;03:00;129;05:52;130;11:59;131;19:22;112;22:00;134;22:43;132;24:30;
128;406857;"66";"Gantar";"Borut";;M;;0;37:00;66:48;29:48;0;1;"OK Azimut";"OK Azimut";"SLO";3;"C";"C";;;;"";"";"";"";"";"";"";"";"";"";"";;0;"0,0";0;3;"C";"1.61";"40";7;4;;66:48;128;05:38;129;08:24;130;14:02;131;22:19;112;25:04;134;26:16;132;27:53;
153;2069797;"74";"Kurinčič";"Jerca";;M;;0;21:00;51:18;30:18;0;2;"OK Komenda";"Orientacijski klub Komenda";"SLO";3;"C";"C";;;;"";"";"";"";"";"";"";"";"";"";"";;0;"0,0";0;3;"C";"1.61";"40";7;5;;51:18;128;08:30;129;14:31;130;18:38;131;21:14;112;24:04;134;25:14;132;26:45;
152;438988;"16";"Kremžar";"Florijan";;M;;0;39:00;71:31;32:31;0;2;"OK Komenda";"Orientacijski klub Komenda";"SLO";3;"C";"C";;;;"";"";"";"";"";"";"";"";"";"";"";;0;"0,0";0;3;"C";"1.61";"40";7;6;;71:31;128;07:38;129;12:56;130;17:51;131;24:09;112;26:42;134;28:22;132;29:54;
;2113837;"101";"Kotnik";"Simon";;M;;0;05:00;40:32;35:32;0;2;"OK Komenda";"Orientacijski klub Komenda";"SLO";3;"C";"C";;;;"";"";"";"";"";"";"";"";"";"";"";;0;"0,0";0;3;"C";"1.61";"40";7;7;;40:32;128;03:55;129;09:10;130;15:31;131;21:35;112;27:28;134;29:31;132;32:49;
170;253347;"48";"Mahkovec";"Klara";;M;;0;15:00;51:40;36:40;0;5;"PD Ajdovščina";"Planinsko Društvo Ajdovščina";"SLO";3;"C";"C";;;;"";"";"";"";"";"";"";"";"";"";"";;0;"0,0";0;3;"C";"1.61";"40";7;8;;51:40;128;09:44;129;20:44;130;24:30;131;27:19;112;30:08;134;31:11;132;33:04;
155;2113839;"9";"Šuc";"Enej";;M;;0;33:00;70:03;37:03;0;2;"OK Komenda";"Orientacijski klub Komenda";"SLO";3;"C";"C";;;;"";"";"";"";"";"";"";"";"";"";"";;0;"0,0";0;3;"C";"1.61";"40";7;9;;70:03;128;02:42;129;06:28;130;28:55;131;31:08;112;32:46;134;34:05;132;35:25;
129;2107055;"54";"Eržen";"Nika";;M;;0;11:00;51:48;40:48;0;1;"OK Azimut";"OK Azimut";"SLO";3;"C";"C";;;;"";"";"";"";"";"";"";"";"";"";"";;0;"0,0";0;3;"C";"1.61";"40";7;10;;51:48;128;09:15;129;16:35;130;28:26;131;31:09;112;34:40;134;35:49;132;37:46;
101;2142779;"12";"Serženta";"Silvester";;M;;0;09:00;51:10;42:10;0;1;"OK Azimut";"OK Azimut";"SLO";3;"C";"C";;;;"";"";"";"";"";"";"";"";"";"";"";;0;"0,0";0;3;"C";"1.61";"40";7;11;;51:10;128;20:58;129;25:57;130;31:11;131;34:06;112;37:01;134;38:00;132;39:26;
127;2142768;"65";"Gantar";"Brina";;M;;0;29:00;71:26;42:26;0;1;"OK Azimut";"OK Azimut";"SLO";3;"C";"C";;;;"";"";"";"";"";"";"";"";"";"";"";;0;"0,0";0;3;"C";"1.61";"40";7;12;;71:26;128;06:43;129;10:31;130;33:04;131;35:18;112;37:22;134;38:39;132;40:06;
102;2142753;"32";"Ugrin";"Maja";;M;;0;17:00;66:42;49:42;0;;"";"";"";3;"C";"C";;;;"";"";"";"";"";"";"";"";"";"";"";;0;"0,0";0;3;"C";"1.61";"40";7;13;;66:42;128;07:15;129;10:38;130;28:51;131;34:33;112;39:46;134;43:44;132;45:54;
179;445687;"1";"Kunc Rešek";"Natalija";;M;;0;01:00;88:46;87:46;0;6;"OK Tivoli";"OK Tivoli";"SLO";3;"C";"C";;;;"";"";"";"";"";"";"";"";"";"";"";;0;"0,0";0;3;"C";"1.61";"40";7;14;;88:46;128;38:33;129;43:59;130;53:30;131;68:14;112;78:25;134;80:29;132;83:32;
;;"100";"";"Vacant";;M;;0;13:00;;;0;;"";"";"";3;"C";"C";;;;"";"";"";"";"";"";"";"";"";"";"";;0;"0,0";0;3;"C";"1.61";"40";7;;;;;;;;;;;;;;;;;;
;;"99";"";"Vacant";;M;;0;41:00;;;0;;"";"";"";3;"C";"C";;;;"";"";"";"";"";"";"";"";"";"";"";;0;"0,0";0;3;"C";"1.61";"40";7;;;;;;;;;;;;;;;;;;
172;445678;"45";"Vodopivec";"Meta";;M;;0;07:00;85:25;78:25;3;5;"PD Ajdovščina";"Planinsko Društvo Ajdovščina";"SLO";3;"C";"C";;;;"";"";"";"";"";"";"";"";"";"";"";;0;"0,0";0;3;"C";"1.61";"40";7;;;85:25;;;129;41:18;130;47:25;131;60:56;;;134;68:01;132;71:56;
169;2107008;"18";"Faganel";"Vid";;M;;X;35:00;;;1;5;"PD Ajdovščina";"Planinsko Društvo Ajdovščina";"SLO";3;"C";"C";;;;"";"";"";"";"";"";"";"";"";"";"";;0;"0,0";0;3;"C";"1.61";"40";7;;;;;;;;;;;;;;;;;;
;;"96";"";"Vacant";;M;;0;05:00;;;0;;"";"";"";3;"C";"C";;;;"";"";"";"";"";"";"";"";"";"";"";;0;"0,0";0;3;"C";"1.61";"40";7;;;;;;;;;;;;;;;;;;
;;"98";"";"Vacant";;M;;0;27:00;;;0;;"";"";"";3;"C";"C";;;;"";"";"";"";"";"";"";"";"";"";"";;0;"0,0";0;3;"C";"1.61";"40";7;;;;;;;;;;;;;;;;;;
;;"97";"";"Vacant";;M;;0;31:00;;;0;;"";"";"";3;"C";"C";;;;"";"";"";"";"";"";"";"";"";"";"";;0;"0,0";0;3;"C";"1.61";"40";7;;;;;;;;;;;;;;;;;;
